Sender,Recipient,Frequency,Subject,Body
Ruby.Holloway,Doreen.Maldonado,2,This is a dummy subject,This is a dummy body
Ruby.Holloway,Ernie.McIntyre;Naomi.Noel;Paul.Sides,5,This is a dummy subject,This is a dummy body
Ruby.Holloway,Ernie.McIntyre;Naomi.Noel;Paul.Sides;Valerie.Wade;Dena.Castro;Polly.Phelps;Ron.Hair;Mariana.Joyner;Doreen.Maldonado;Shelby.Gay;Katharine.Ramsey;Joaquin.Cate;Deloris.Pyle;Evan.Creed;Robin.Mahaffey;Beth.Byers;Winnie.Davidson;Ora.Perry;Avery.Bechtel,1,This is a dummy subject,This is a dummy body
Doreen.Maldonado,Ruby.Holloway,2,This is a dummy subject,This is a dummy body
Doreen.Maldonado,Ruby.Holloway;Ernie.McIntyre,2,This is a dummy subject,This is a dummy body
Doreen.Maldonado,Ruby.Holloway;Ernie.McIntyre;Naomi.Noel;Paul.Sides,1,This is a dummy subject,This is a dummy body
Doreen.Maldonado,Ruby.Holloway;Naomi.Noel,2,This is a dummy subject,This is a dummy body
Doreen.Maldonado,Ruby.Holloway;Paul.Sides,2,This is a dummy subject,This is a dummy body
Doreen.Maldonado,Shelby.Gay,10,This is a dummy subject,This is a dummy body
Doreen.Maldonado,Shelby.Gay;Katharine.Ramsey,5,This is a dummy subject,This is a dummy body
Doreen.Maldonado,Katharine.Ramsey,12,This is a dummy subject,This is a dummy body
Doreen.Maldonado,Naomi.Noel;Shelby.Gay;Katharine.Ramsey,7,This is a dummy subject,This is a dummy body
Shelby.Gay,Doreen.Maldonado,10,This is a dummy subject,This is a dummy body
Shelby.Gay,Naomi.Noel;Doreen.Maldonado;Shelby.Gay,5,This is a dummy subject,This is a dummy body
Katharine.Ramsey,Doreen.Maldonado,15,This is a dummy subject,This is a dummy body
Katharine.Ramsey,Naomi.Noel;Doreen.Maldonado;Shelby.Gay,5,This is a dummy subject,This is a dummy body
Joaquin.Cate,Evan.Creed;Robin.Mahaffey,4,This is a dummy subject,This is a dummy body
Joaquin.Cate,Evan.Creed;Robin.Mahaffey;Beth.Byers,2,This is a dummy subject,This is a dummy body
Joaquin.Cate,Paul.Sides,2,This is a dummy subject,This is a dummy body
Joaquin.Cate,Paul.Sides;Deloris.Pyle,7,This is a dummy subject,This is a dummy body
Deloris.Pyle,Paul.Sides,4,This is a dummy subject,This is a dummy body
Deloris.Pyle,Paul.Sides;Joaquin.Cate,10,This is a dummy subject,This is a dummy body
Deloris.Pyle,Winnie.Davidson;Ora.Perry;Avery.Bechtel,5,This is a dummy subject,This is a dummy body
Deloris.Pyle,Winnie.Davidson,5,This is a dummy subject,This is a dummy body
Deloris.Pyle,Ora.Perry,5,This is a dummy subject,This is a dummy body
Deloris.Pyle,Avery.Bechtel,5,This is a dummy subject,This is a dummy body
Evan.Creed,Joaquin.Cate;Robin.Mahaffey,5,This is a dummy subject,This is a dummy body
Evan.Creed,Joaquin.Cate;Robin.Mahaffey;Beth.Byers,2,This is a dummy subject,This is a dummy body
Evan.Creed,Robin.Mahaffey;Beth.Byers,2,This is a dummy subject,This is a dummy body
Evan.Creed,Beth.Byers,5,This is a dummy subject,This is a dummy body
Robin.Mahaffey,Joaquin.Cate;Evan.Creed,3,This is a dummy subject,This is a dummy body
Robin.Mahaffey,Joaquin.Cate;Evan.Creed;Beth.Byers,1,This is a dummy subject,This is a dummy body
Robin.Mahaffey,Evan.Creed;Beth.Byers,2,This is a dummy subject,This is a dummy body
Robin.Mahaffey,Beth.Byers,5,This is a dummy subject,This is a dummy body
Beth.Byers,Joaquin.Cate;Evan.Creed;Robin.Mahaffey,2,This is a dummy subject,This is a dummy body
Beth.Byers,Evan.Creed,5,This is a dummy subject,This is a dummy body
Beth.Byers,Evan.Creed;Robin.Mahaffey,5,This is a dummy subject,This is a dummy body
Beth.Byers,Robin.Mahaffey,5,This is a dummy subject,This is a dummy body
Winnie.Davidson,Deloris.Pyle;Ora.Perry;Avery.Bechtel,2,This is a dummy subject,This is a dummy body
Winnie.Davidson,Deloris.Pyle,5,This is a dummy subject,This is a dummy body
Ora.Perry,Winnie.Davidson;Deloris.Pyle;Avery.Bechtel,2,This is a dummy subject,This is a dummy body
Ora.Perry,Deloris.Pyle,5,This is a dummy subject,This is a dummy body
Ernie.McIntyre,Ruby.Holloway,7,This is a dummy subject,This is a dummy body
Ernie.McIntyre,Ruby.Holloway;Naomi.Noel;Paul.Sides,3,This is a dummy subject,This is a dummy body
Ernie.McIntyre,Naomi.Noel;Paul.Sides,3,This is a dummy subject,This is a dummy body
Ernie.McIntyre,Valerie.Wade,2,This is a dummy subject,This is a dummy body
Ernie.McIntyre,Valerie.Wade;Dena.Castro,5,This is a dummy subject,This is a dummy body
Ernie.McIntyre,Valerie.Wade;Dena.Castro;Polly.Phelps;Ron.Hair;Mariana.Joyner,2,This is a dummy subject,This is a dummy body
Ernie.McIntyre,Dena.Castro,3,This is a dummy subject,This is a dummy body
Avery.Bechtel,Winnie.Davidson;Ora.Perry;Deloris.Pyle,2,This is a dummy subject,This is a dummy body
Avery.Bechtel,Deloris.Pyle,5,This is a dummy subject,This is a dummy body
Naomi.Noel,Ruby.Holloway,3,This is a dummy subject,This is a dummy body
Naomi.Noel,Ruby.Holloway;Ernie.McIntyre;Paul.Sides,2,This is a dummy subject,This is a dummy body
Naomi.Noel,Doreen.Maldonado,5,This is a dummy subject,This is a dummy body
Naomi.Noel,Doreen.Maldonado;Shelby.Gay;Katharine.Ramsey,3,This is a dummy subject,This is a dummy body
Naomi.Noel,Ernie.McIntyre;Paul.Sides,3,This is a dummy subject,This is a dummy body
Paul.Sides,Ruby.Holloway,10,This is a dummy subject,This is a dummy body
Paul.Sides,Ruby.Holloway;Ernie.McIntyre;Naomi.Noel,5,This is a dummy subject,This is a dummy body
Paul.Sides,Joaquin.Cate,3,This is a dummy subject,This is a dummy body
Paul.Sides,Joaquin.Cate;Deloris.Pyle,4,This is a dummy subject,This is a dummy body
Paul.Sides,Joaquin.Cate;Deloris.Pyle;Evan.Creed;Robin.Mahaffey;Beth.Byers;Winnie.Davidson;Ora.Perry;Avery.Bechtel,1,This is a dummy subject,This is a dummy body
Paul.Sides,Deloris.Pyle,2,This is a dummy subject,This is a dummy body
Paul.Sides,Ernie.McIntyre;Naomi.Noel,3,This is a dummy subject,This is a dummy body
Valerie.Wade,Ernie.McIntyre,2,This is a dummy subject,This is a dummy body
Valerie.Wade,Ernie.McIntyre;Dena.Castro,2,This is a dummy subject,This is a dummy body
Valerie.Wade,Polly.Phelps,15,This is a dummy subject,This is a dummy body
Dena.Castro,Ernie.McIntyre,5,This is a dummy subject,This is a dummy body
Dena.Castro,Ernie.McIntyre;Valerie.Wade,2,This is a dummy subject,This is a dummy body
Dena.Castro,Ron.Hair,10,This is a dummy subject,This is a dummy body
Dena.Castro,Ron.Hair;Mariana.Joyner,10,This is a dummy subject,This is a dummy body
Dena.Castro,Mariana.Joyner,10,This is a dummy subject,This is a dummy body
Polly.Phelps,Valerie.Wade,16,This is a dummy subject,This is a dummy body
Ron.Hair,Dena.Castro,15,This is a dummy subject,This is a dummy body
Ron.Hair,Dena.Castro;Mariana.Joyner,15,This is a dummy subject,This is a dummy body
Mariana.Joyner,Dena.Castro,15,This is a dummy subject,This is a dummy body
Mariana.Joyner,Dena.Castro;Ron.Hair,15,This is a dummy subject,This is a dummy body
